tofpet_id,channel,tac,a,b,c,d,x0,chi2,dof
0,0,0,0.00023477238313087323,0.13982680774975229,26.537731667128593,380.44127660430644,122.2555107577561,3949.501774523423,3070
0,0,1,0.00023160131390092832,0.13975988116329166,26.485413545577313,380.2138663735803,122.64941551743819,4017.609973373102,3072
0,0,2,0.00023135970330518483,0.13908764065619672,26.553665576403862,380.14809219064955,122.86171333906042,3919.4535412351925,3070
0,0,3,0.0002318457172051907,0.1387722693668855,26.46420484038196,380.26953644384366,123.46534479476092,3925.5956388467607,3071
0,1,0,0.0002601002727924824,0.14835006089909025,26.670326439083357,379.9412398058603,114.23353289294475,4152.464726486027,3146
0,1,1,0.00026094019182211687,0.1482710591365028,26.546696765650363,379.1876374001281,114.51048621730597,4178.481621342361,3145
0,1,2,0.0002515837622293706,0.14748961267251723,26.748316327809537,379.34945990587977,114.74458146225287,4369.268468418846,3146
0,1,3,0.000245302137899078,0.14594463832029286,26.979561112916674,379.6849141025782,115.20423396528827,4302.531633370362,3145
0,2,0,0.00023463500053043701,0.13932041865247652,24.013709366022493,335.30201559153227,120.34295216819226,2957.8331990847596,3071
0,2,1,0.00023386700583237212,0.13924728333890057,23.90642255103594,334.83121378989426,120.74580500828547,3026.0789266038855,3070
0,2,2,0.00022797166259717495,0.1390000655360773,24.001959511169787,334.7899457081254,120.90350846621409,3063.2916398254656,3071
0,2,3,0.0002194447051793178,0.13736084637373042,24.2902944917504,335.0824312709717,121.3653775845728,2824.461967395207,3071
0,3,0,0.0001764042120445158,0.11688127376685788,26.309509582604136,364.28045232731904,142.84857668990776,6159.0472545070625,2970
0,3,1,0.00018067236319582267,0.1171748227407307,26.06269832662003,363.86836985763387,143.29993944683594,5853.372149753234,2960
0,3,2,0.0001771800625008182,0.11596089873488748,26.319610351209047,363.6992289971365,143.54444801828106,6088.904620606682,2959
0,3,3,0.00018795587568616874,0.11691866151209837,25.75407876567106,364.24830460096,144.56862677764937,5287.564788720451,2937
0,4,0,0.00017911391707002157,0.11907415525496313,25.68402085727702,374.5257344050602,145.6212382257928,7302.800257613901,2983
0,4,1,0.00018352615502754992,0.11853341498079839,25.61559059942144,374.5876641787057,146.14148961575458,6693.409782024921,2963
0,4,2,0.00017926273168489563,0.11846732280983807,25.671986109965825,374.5913927268919,146.3518904242073,6769.263888894115,2964
0,4,3,0.00018557909917448997,0.11882056944344296,25.334791359621033,374.6661640346188,147.22712957123346,6586.375241199056,2951
0,5,0,0.000249229191607894,0.1438306302447667,26.719889757340965,399.564947559799,123.83935442879829,4074.3592071688804,3071
0,5,1,0.0002517412662676545,0.14371726639323107,26.576516292028746,399.33665452202655,124.29059949865979,3946.0309375061224,3070
0,5,2,0.00024129235967973637,0.14230946057914765,26.947020059372328,399.13678180743506,124.32596520902052,3860.0180563044264,3070
0,5,3,0.00024352265861546827,0.14225478539561273,26.780210504192638,399.3138489060298,124.93318893115598,3920.6370410711656,3072
0,6,0,0.00023826155796699157,0.1377186884143725,25.33921275692894,379.2315391411324,128.10076762730355,4147.139056935937,3070
0,6,1,0.00023679288353688227,0.1374800893809549,25.282215392657978,378.72508944818117,128.49388887994374,4204.197545111887,3070
0,6,2,0.0002251295421836174,0.1362637314081744,25.623953914672988,378.6647690192898,128.60266547265584,4581.537959066802,3071
0,6,3,0.0002311494518598697,0.1358099708683624,25.448050225461678,378.7852749944711,129.30825297118687,4394.025119131401,3071
0,7,0,0.000299006403619549,0.15155776056289483,26.420018826922583,378.489309842324,110.91416476072432,3642.232705162194,3146
0,7,1,0.0002923059894312862,0.15087232017290922,26.491963473385194,378.13604775634144,111.24919857925767,3702.6669993212276,3145
0,7,2,0.0002925076521818291,0.15119557826162938,26.405276508531912,378.1907121752896,111.43677935663045,3930.79226424293,3145
0,7,3,0.00028686761687911724,0.15013961961097583,26.522725714541078,378.2424588060738,111.89081016127588,3958.0380926302546,3145
0,8,0,0.00014791835640947133,0.109775268440672,26.6161138389224,367.05611925413814,150.73466778276978,3840.4636051495354,2920
0,8,1,0.0001421190056708961,0.10824331059442156,27.028807150987816,366.89007827750476,150.992776556199,3929.690615993138,2922
0,8,2,0.00014579024717954612,0.10927001128231449,26.619125948171533,366.6565222533711,151.45312241920905,3961.427717831749,2920
0,8,3,0.00014029823384217985,0.10805564625147213,26.890887691359136,367.0133411879372,152.14531577774807,4097.268914549242,2922
0,9,0,0.000226081334570321,0.13525490311159105,25.910903378337633,367.9241674913752,125.37595291000618,3297.9653820342432,3071
0,9,1,0.00022564704223735577,0.13497210333456813,25.864235169225452,367.7117484333923,125.74671536584282,3353.7195440403207,3070
0,9,2,0.00021754460465370155,0.13353584074059974,26.197578386205013,367.5199258687203,125.89985822920202,3430.6119722053086,3071
0,9,3,0.00021465140740978034,0.13349966097169708,26.133071451494835,367.9457346986751,126.47586523001294,3406.920045548971,3072
0,10,0,0.0002350914240680109,0.1395627949001677,25.55782182266251,371.1721255102713,123.780412009625,3957.906768524469,3070
0,10,1,0.00023345691299921008,0.13916015970678322,25.532575229177063,370.7410098492578,124.14598748342625,3970.2711296766474,3070
0,10,2,0.00021949531199104804,0.13783069159716713,25.96226789195748,370.7497220403611,124.18085109059614,4042.1573651243225,3071
0,10,3,0.0002145370285690277,0.13671378250591484,26.085722250376953,371.0495302682316,124.82341568895983,4028.5285566964158,3070
0,11,0,0.0002226156470151164,0.12996641880425253,26.440356935535473,370.4538469929436,127.74911946643186,5126.581814682829,3072
0,11,1,0.0002184068771519262,0.12945091330871036,26.48728306872177,370.34008276455927,128.1521558044696,5259.80049505056,3072
0,11,2,0.00021701780694993402,0.1283034464418811,26.692126422339552,370.0857836003073,128.27643156531923,5268.741331788538,3071
0,11,3,0.0002187983860035885,0.12919091399548902,26.336998999692216,370.23802255470537,128.93138763924563,5498.599339502928,3070
0,12,0,0.00019210281074506005,0.14198230354487398,28.986421227996257,379.3373892521884,113.837313911703,6787.427889608029,3144
0,12,1,0.00019181305225468651,0.14063674638188478,29.11428701407063,379.06099766774133,114.22143076966555,6911.441091417335,3134
0,12,2,0.0001888873567457506,0.14062827151182164,29.097922623332657,378.9468117009026,114.42931361579025,7252.086375067011,3128
0,12,3,0.00019969047332208235,0.14102391428041916,28.716329869786094,379.0513528327332,115.01367206575934,6708.455656019659,3111
0,13,0,0.0001559899123340385,0.11632454024509627,26.939417304859262,355.2460677324551,138.2732658181732,3838.225527446758,2996
0,13,1,0.00015546317847695606,0.11633462876175123,26.806332740621112,354.91193206257157,138.7492741852842,4119.1038918695285,2995
0,13,2,0.00015302023518257382,0.11588775838216286,26.887281496221895,354.89680216684377,139.0683216720697,4403.5745015101365,2995
0,13,3,0.00015419507900467342,0.11591067938756167,26.73051862091811,355.0302724710063,139.7379991154823,4380.848968724946,2994
0,14,0,0.00014141044737101327,0.11638102700644637,29.801272012724482,386.20663851729705,137.14758151802477,4158.704829456679,2995
0,14,1,0.00014133843230415563,0.11602075386992199,29.745479496688105,385.7451816492063,137.57117300222734,4274.3002165181315,2995
0,14,2,0.0001400534092363153,0.11564915150470084,29.81757402902921,385.78973665631855,137.85196816073616,4117.848389637696,2996
0,14,3,0.0001340740458035783,0.11468867475282513,30.061012781731133,386.1239426610732,138.44308629384997,4227.099041038325,2995
0,15,0,0.00020225420131668857,0.12934428083898986,29.03726733579186,388.9836862625669,124.61207733766918,4779.54687208386,3072
0,15,1,0.00019905414233932554,0.12852599166699183,29.116143831955444,388.24628342550466,124.9769829211023,4642.156891197348,3072
0,15,2,0.00019569133258155754,0.12810547799384453,29.260137895832724,388.4199307720781,125.06624279011442,4815.23435115898,3071
0,15,3,0.00019518944938338295,0.12812691659083056,29.098782902879194,388.6812045863333,125.75865928016933,4939.861288700283,3070
0,16,0,0.00027342094133933273,0.14789949979972888,23.80095066601415,326.1543945266073,109.84282636419023,3226.918435093338,3145
0,16,1,0.00026675257013470684,0.14747288938858796,23.84664090510845,326.0892321487366,110.18409814355536,3326.852841683257,3146
0,16,2,0.0002623272783736647,0.14600399652039484,24.08699592684364,326.1124648148141,110.31903672016873,3463.3978373250434,3145
0,16,3,0.00026397900691181,0.14618308499500565,23.91743176180165,326.31116282905197,110.87149411325544,3282.89195713179,3146
0,17,0,0.00020150383482799003,0.13168664209065997,27.359163282033975,380.2846936925041,125.87349604595776,3415.5060644154623,3071
0,17,1,0.00019520364453904295,0.13035931073386198,27.6413994754771,379.96955034070794,126.09914121822055,2998.7494832753605,3070
0,17,2,0.00019211317161193936,0.13011420729826637,27.680637073145544,379.8198933714743,126.31012553024047,3352.311664628453,3071
0,17,3,0.00019616921754327368,0.13065497775114923,27.350409661063598,380.00149692060904,126.99060247208256,3193.9724551986483,3071
0,18,0,0.00026920818182721794,0.14912086450857898,27.036013262436416,370.09412311920374,110.26158657969464,3804.236227721617,3145
0,18,1,0.00027240020908022764,0.14917717860375257,26.840843493588864,369.75709950132614,110.66805837860215,3732.7314072663476,3145
0,18,2,0.000273465166359906,0.15000195066916588,26.66427669593429,369.8609841621257,110.8664875810352,3732.238823008748,3146
0,18,3,0.00027100209458499614,0.14908917679135927,26.715925426859247,370.0792837948037,111.36868423233786,3722.454955072958,3145
0,19,0,0.00014594025671140832,0.11854652370344478,29.81866573927185,388.39555795336764,134.94425966044494,4040.310084701422,2996
0,19,1,0.00014385902937197524,0.11819861443414635,29.857497762427638,388.0489488212182,135.26841377388482,4204.422287172243,2996
0,19,2,0.0001397078933922034,0.1169053603814305,30.224165751860564,387.97239260205953,135.361734007656,4038.6186885368247,2995
0,19,3,0.00014128798310368256,0.11667347095409009,30.061286318690364,388.0364120706984,136.10911922327963,4101.780119480141,2995
0,20,0,0.00023525139873292844,0.13242947177919717,23.23225131343461,340.783045557085,131.48198809443159,3068.48590861865,2995
0,20,1,0.00022482789006055386,0.1309054256852039,23.54988064811396,340.5812090650831,131.77640174160285,3245.0033487045957,2997
0,20,2,0.00022896522219822559,0.13108673824864395,23.414988548604796,340.31063988167045,132.00188996962626,3133.0970215554444,2995
0,20,3,0.00023218270266617977,0.13129129245044013,23.20627973921012,340.46639439300833,132.68168694159203,3125.48313010347,2995
0,21,0,0.00018051200545483642,0.12132514738454225,28.386622439845834,386.2834078328376,135.5422118000045,4219.790196917704,2996
0,21,1,0.00017707859383509435,0.12042274744791759,28.558301347849113,385.9252456856587,135.8315142775113,4248.708304443049,2995
0,21,2,0.0001698042767074227,0.11995521906900243,28.77755436468513,385.87272428691665,136.04113740580596,4195.272663142134,2995
0,21,3,0.00017581931137863026,0.1208460723380388,28.2849977087861,386.04786197931736,136.77966358786327,4164.910313114453,2996
0,22,0,0.00015920848989537905,0.1134961700115325,25.838455865754135,365.602504685154,148.42139095030404,5108.814641548923,2921
0,22,1,0.00015320873780154257,0.11237741570242663,26.133085047639582,365.5531647226222,148.73675582310082,5271.999331773044,2920
0,22,2,0.00015337975157620623,0.11291954113337567,25.974824670131657,365.4699039608739,148.98211577214195,5092.879452043959,2922
0,22,3,0.0001522163679020539,0.11166854014194047,26.098282641358487,365.66148621538,149.81768474295376,5077.966994511655,2922
0,23,0,0.00014584513054562593,0.11758221840012545,29.54337184579389,378.3490418463104,135.0218367544488,4261.023557691338,2996
0,23,1,0.00014586406459097753,0.11616345470241543,29.754428563816166,378.07376412630265,135.4788963076769,4546.845118875386,2996
0,23,2,0.0001402944593348728,0.11551297107655799,29.996812633270213,377.9708135374119,135.61770478826327,4472.239943492738,2995
0,23,3,0.00014009005085684878,0.11516077408005247,29.925607055253927,378.20461540722863,136.27554533516778,4595.564344927973,2995
0,24,0,0.00022863816582952473,0.13456407251133862,24.66369808303822,347.53577079640365,124.55451220231912,3200.6299294411465,3070
0,24,1,0.00022274688327165063,0.13372130543668093,24.81577566647723,347.1917146643333,124.78879336479174,3039.669345153624,3071
0,24,2,0.00021767883956388853,0.13292937066435728,24.98656934235897,347.1619713329903,124.99182659452978,3160.5635183481145,3070
0,24,3,0.0002198964102571977,0.1330451330546025,24.802018899054815,347.3171229693761,125.57939893053158,3178.967297719265,3071
0,25,0,0.00034194960589223116,0.14538697097417083,23.966070740003744,350.9116950571043,116.27004618627831,10352.386037773114,3145
0,25,1,0.0003450946715431833,0.14576371342234745,23.786533762973562,350.76620214385036,116.65076351849338,10371.25997024862,3135
0,25,2,0.00034640736092440843,0.145288564156084,23.788136120467648,350.6578048656337,116.85083496469623,10202.673602869072,3131
0,25,3,0.0003684075038550069,0.14659226007492965,23.21877016674249,350.8175036156458,117.61734933869774,9106.954873429302,3116
0,26,0,0.00021863910871495522,0.14242188303096515,25.112712590135665,342.0112211480214,115.66215252122657,3075.24912226606,3145
0,26,1,0.00021906590957307328,0.14219218848619417,25.03822556551284,341.4857845463447,115.97057180047116,3244.4166079592933,3141
0,26,2,0.0002142264511163325,0.14182695356742867,25.15105399980435,341.77872824817837,116.19812739810014,3228.3458248079223,3136
0,26,3,0.0002182062927319173,0.14163983123746646,24.983879290760417,341.7645700257319,116.7936240249677,3203.4357431931435,3125
0,27,0,0.0002804059764354059,0.14809811146296425,25.4904754241153,362.5373247517255,113.65507117159262,3911.0271914758546,3147
0,27,1,0.0002722783663642179,0.1469067870714891,25.689248313767646,362.41084227621855,113.9497106267101,4091.734663441819,3148
0,27,2,0.00027347192086706284,0.1472172324371347,25.56655227276241,362.3057595784788,114.21137502283402,4213.866932832234,3146
0,27,3,0.00026387337656013596,0.14639657087227564,25.70787915497667,362.50080514702825,114.664392293726,4314.692109114752,3145
0,28,0,0.00028978779963658276,0.14077297309593892,22.47050901746996,338.169739061613,123.9091070709409,4226.52790994721,3070
0,28,1,0.0002891876306438326,0.14112988290828643,22.29585246710045,337.6313541223601,124.35314023098171,4475.099557917731,3071
0,28,2,0.000286668530249801,0.14026274999503072,22.416119887973647,337.8479646441584,124.57024293482633,4501.928905502552,3070
0,28,3,0.0002759453071857929,0.1383306057137549,22.716445610364097,337.98074853342195,125.10649665855364,4560.187639698701,3070
0,29,0,0.000228997395259936,0.13115355425232167,26.226291609394366,377.24541657844713,130.55007611564193,3883.3481317645405,2996
0,29,1,0.00023019460044011673,0.13120407424591385,26.11817023742404,376.9580574270696,130.8176655328505,3893.0914352169857,2995
0,29,2,0.0002279792444760693,0.1307246600020318,26.197302892663473,377.1671172862217,131.11512408709103,3851.0470634706253,2996
0,29,3,0.00022593306129234863,0.1306360407609343,26.123337667377204,377.0730807992133,131.6084091819037,3734.773932569505,2999
0,30,0,0.00017710186003385821,0.1206625525408949,26.26535754292197,370.9923176199366,141.12741304760212,4729.837887520083,2995
0,30,1,0.00016886283612209022,0.11923367385513652,26.599054084147884,371.09808148111233,141.60976941445517,4757.45883314907,2995
0,30,2,0.00017189160682856843,0.11934443675428581,26.455139696500467,370.84459742527144,141.83847444738117,4697.117078889888,2996
0,30,3,0.00016958136830537735,0.11814148531452201,26.61269999425803,370.9059571328382,142.52240359137193,5162.920207998902,2983
0,31,0,0.0003236442175051649,0.1374666562735718,23.86287093353773,382.8648203838236,132.38421579735675,4578.50040366247,2997
0,31,1,0.0003249707107846444,0.1370696982909509,23.784836513061823,382.6920299126265,132.84728879423554,4485.926151761564,2997
0,31,2,0.0003146843383594908,0.13595075739330295,24.07056010356026,382.60219872129863,132.9818477542745,4636.145746500292,2996
0,31,3,0.00030238964200447293,0.13459312345906402,24.3359129530266,382.96232951394705,133.54123300344025,4813.032806258196,2995
0,32,0,0.00018746514254552613,0.12490974566034078,26.484725757888913,377.91355016571094,136.50656981045725,4605.961802284897,2995
0,32,1,0.0001836424776064005,0.12385562994090568,26.668138859019425,377.5133459401025,136.73893861951652,4570.3757657639235,2995
0,32,2,0.0001867017112530848,0.12448097311250146,26.428241345192237,377.3782500408888,137.07710825640797,4514.198288160734,2995
0,32,3,0.00018331821768084863,0.1233359801402369,26.57245200701452,377.64463466589575,137.77291304767883,4580.748766210894,2995
0,33,0,0.00011810010671083427,0.11466031341101779,26.4243405948506,349.8397641238618,143.20503423784476,3900.497073239184,2996
0,33,1,0.00011494729775557082,0.11326793235028808,26.755478819234256,349.3649890572157,143.2649211129727,4020.1001986496995,2995
0,33,2,0.00011473841992493076,0.11313296611855905,26.717365669830677,349.35513982901506,143.6295324696161,4069.8856964266406,2995
0,33,3,0.0001175988776286225,0.11385484065649404,26.367113258920067,349.4072189183601,144.3153933815378,4032.1712061140906,2989
0,34,0,0.00021847383588040193,0.13924034350702255,26.199516150405298,355.6788486225783,117.90591883410826,3895.270982538642,3082
0,34,1,0.0002335787823765682,0.1404545830993372,25.673648255452996,355.27144651687803,118.34085456972814,4060.7296886079553,3072
0,34,2,0.00022713400255118884,0.14039011727131503,25.725417119145927,355.27410801620096,118.56620801260587,3898.9995753772705,3071
0,34,3,0.00023013553991362143,0.13989835165339295,25.62560666343519,355.380393468315,119.19150281752158,4061.6611911183645,3070
0,35,0,0.00022913613322275722,0.12738227305805705,24.2962088207835,352.71489425681636,133.56182316284077,3380.271090465193,2995
0,35,1,0.00022987730802287296,0.12740756779060028,24.17476245280682,352.4249955449075,134.0044853900547,3472.8610216535944,2995
0,35,2,0.00022329551514296703,0.12619019166877182,24.4709850264324,352.35253182225244,134.09865567346714,3442.3607082000467,2995
0,35,3,0.00022159086663884415,0.12557223344405463,24.467766017238024,352.54560478278745,134.75986543045838,3596.1897110670993,2995
0,36,0,0.00023115908171164853,0.12525931715455677,22.993206228821286,337.2024608757166,137.09800511626176,3931.784076871883,2995
0,36,1,0.0002225014058656091,0.12388186167931256,23.288726101581254,336.8262645500667,137.33312003336334,4127.9452156725965,2995
0,36,2,0.0002177847200885962,0.1234732090050926,23.374389035998934,336.71272244735445,137.60078199284226,3944.368670055638,2995
0,36,3,0.00021965186332506372,0.12365369161995077,23.184366116023295,337.0174364710883,138.31770219852146,4165.505355763213,2995
0,37,0,0.0002799798630152617,0.145396675610211,25.82496893342485,374.2886337298532,118.36989779209127,3436.899955738651,3070
0,37,1,0.00027980139677998456,0.14547657434667785,25.747858146295275,373.7202503628698,118.48635579597487,3514.2826872156525,3070
0,37,2,0.00028013401000348445,0.14489820085203214,25.754574761274135,373.55391139837883,118.79452757089226,3486.716380844587,3070
0,37,3,0.0002762611409138143,0.14419416666371457,25.808772506636245,374.02924672062727,119.33753953574418,3632.7275537386026,3070
0,38,0,0.00025722513990032524,0.1416229531266678,23.32891764326737,340.33137142378445,121.47748539707274,2992.9466485910016,3070
0,38,1,0.00024487867824768997,0.13969255127796523,23.71513497208174,340.09897629330516,121.67770309738277,2994.046432202189,3070
0,38,2,0.0002476119479406228,0.1401169492279432,23.55278234876695,340.1011858960579,121.99190398351072,3001.713201488316,3070
0,38,3,0.00023984076281536717,0.13916488611733913,23.719740012405147,340.18537882797034,122.37454297281144,2869.090699212712,3070
0,39,0,0.0003731787873399442,0.16708993019856794,26.84237369111947,375.73415753118934,98.61167399114485,3517.110221778958,3220
0,39,1,0.0003589002544585588,0.16593652578489984,27.065822130347183,375.42746711944847,98.77031156767688,3554.080578771631,3220
0,39,2,0.0003571169806823824,0.165696743383573,27.07149573595812,375.35270557759543,98.93544660163384,3534.281777209421,3220
0,39,3,0.00035069520759447843,0.16470476654649946,27.173556498546905,375.67320590288983,99.36866128846464,3666.624047952196,3220
0,40,0,0.00028427531732863473,0.14156262151055793,23.769649768604765,374.02130229997886,129.2250533808725,6901.552672934732,3056
0,40,1,0.0002846736963668079,0.14133543034303714,23.74139786726593,373.51710108193015,129.44250743317144,7177.55039467203,3048
0,40,2,0.0002796701888698172,0.14070460315606098,23.87552770097872,373.5992771564968,129.65030959937675,6836.27383432006,3044
0,40,3,0.0002878480573523711,0.14117824331231915,23.541718296238408,373.66473330592737,130.37459518413183,6753.2067193711,3034
0,41,0,0.0002743516427943435,0.13152433299898847,24.796795145936464,378.78474186219773,135.20030277863373,5283.504628170823,2995
0,41,1,0.0002632487111375503,0.13017489504639063,25.126958552377506,378.4467669820812,135.34201389762302,5647.550740922746,2995
0,41,2,0.0002649176146528798,0.13002128736824284,25.082421555723844,378.505601731065,135.63770244736557,5655.76949252592,2995
0,41,3,0.00025742771042641666,0.12934183431705557,25.197110075488983,378.61389656375803,136.20507098279225,5730.219668347237,2995
0,42,0,0.0002993503337596463,0.13477765420237856,22.59721721592162,353.0744391856146,132.66135760923706,4283.016725018968,2995
0,42,1,0.0002964273094119646,0.13375256956226844,22.669231401097722,352.8262109567048,133.09357851192246,4335.590732414402,2995
0,42,2,0.0002883678195166174,0.1330269770459995,22.868562641424003,352.9747643296081,133.2725657546709,4495.432479221566,2995
0,42,3,0.0002937977682586063,0.1331481015796517,22.630546184203727,353.07964957574774,134.03284746567766,4516.191948608361,2995
0,43,0,0.00031490339325447846,0.15972924008105008,26.740587852806595,396.999897678759,109.70337853234477,3740.424099291933,3145
0,43,1,0.0002999636498304779,0.15719893506495353,27.25261694756102,396.73072632259806,109.85064594648368,3858.1337909686004,3145
0,43,2,0.00029411991140210127,0.1571134357791268,27.295138429754388,396.4134808800457,109.97314591306326,3822.2231209977926,3145
0,43,3,0.0002927816689867083,0.15762828444192098,27.111973558641356,396.9040842489962,110.52668929821382,3683.5908815749945,3145
0,44,0,0.00020191457627679446,0.13331332959633402,28.28509997212991,375.92988045281004,121.52210169084134,3891.4261142245,3070
0,44,1,0.0002006009216786833,0.1334223182571231,28.208640573635087,375.6248084718948,121.70669009056932,4158.856327567377,3070
0,44,2,0.0001969194960145903,0.13263287024030362,28.38490188020927,375.46797269102797,121.88884393711106,4066.0936021411817,3070
0,44,3,0.0001979606176412777,0.13198970807813187,28.33713179044448,375.65642086110967,122.49973454611465,4171.9265250710305,3070
0,45,0,0.00025968330730359715,0.138562087702466,25.244541003540597,365.31103856282755,123.0927669564452,4103.64623224631,3070
0,45,1,0.0002604515928763686,0.13851316626472157,25.186837100261478,364.85789719304375,123.20310843292786,4309.483875710536,3070
0,45,2,0.00026120012037341285,0.13914506663462492,25.019149352913722,364.9080227761162,123.4862492765923,4198.01578753143,3070
0,45,3,0.00025640027485564714,0.13784956011116511,25.167967715873175,365.1009245110283,124.03761461363571,4429.768753498456,3070
0,46,0,0.00012367091524058703,0.1148542728131725,28.323867441743964,359.40991301771106,137.453948890698,4946.535088081924,2995
0,46,1,0.00012100632621113317,0.11417391917371716,28.44949291377068,358.952602695478,137.72515143012637,4658.155562983817,2995
0,46,2,0.00011614534766905851,0.11372510706327323,28.627730531351368,359.2796608874431,138.00986439233444,5171.3320122868245,2995
0,46,3,0.00012145151089785558,0.11366501681995735,28.328586533248338,359.129332278146,138.76703935084956,5079.31726685414,2995
0,47,0,0.0003330542438666372,0.14422084511972458,25.31496183330739,393.3575842611996,122.88219744514582,4440.049520984518,3070
0,47,1,0.0003318584741191397,0.14400185182615696,25.262079794097904,393.080663974335,123.2365891775639,4660.83777570981,3070
0,47,2,0.00032984062974100286,0.14335814267812327,25.32519350591904,393.1897123713302,123.50886818004838,4553.392249940869,3070
0,47,3,0.00031840262523002874,0.14243585139466686,25.51227691457571,393.3933112434652,123.98675380073448,4740.236534164547,3070
0,48,0,0.00024332993395811451,0.12983713529113375,23.673261483903833,360.4778728797389,135.93673408518765,4696.144991317444,2995
0,48,1,0.0002313773662726068,0.12797590247501445,24.14730883376631,360.03866150822506,135.88673561660806,4611.192365479992,2995
0,48,2,0.0002297642440324811,0.12863827313916096,24.015683696657995,360.2437599660284,136.21454236046839,4549.091416924443,2995
0,48,3,0.00023838835876863342,0.12955041273995024,23.56488688995642,360.02471204262815,136.97858576156816,4592.8432185676265,2995
0,49,0,0.0002632123320827843,0.1489654288439576,27.85306221952883,382.28664116800655,110.52438929064475,3605.6922720777457,3145
0,49,1,0.0002731106336142066,0.1498128746003227,27.491393166904317,381.8616039324982,110.77504861317938,3631.8895482548533,3145
0,49,2,0.00025605163849144134,0.14833070922910935,27.973184146305062,382.09881391307766,110.79805141680576,3547.458420416603,3145
0,49,3,0.00026198908457238454,0.14885375611546012,27.648068825451904,382.05977694903083,111.36517700594341,3643.195045325216,3145
0,50,0,0.00023640744774555412,0.1252244257904266,24.93773395412506,372.47839534455375,138.48771686868392,5488.465373250989,2995
0,50,1,0.00023419762983588988,0.12476782747150723,24.916885376661057,372.16824000199847,138.997933468074,5680.283334190142,2995
0,50,2,0.0002273454508687301,0.12425713523513202,25.128768209994902,372.24086836983753,139.05661611134326,5853.89684201763,2995
0,50,3,0.00022418432011888853,0.1231688442455403,25.231585152418887,372.30077979633313,139.74403621365872,5804.341467768924,2995
0,51,0,0.00035306122800420693,0.15192922375162127,23.637273635311605,385.6175463576933,121.92296879160094,4982.626980902948,3070
0,51,1,0.0003626996404687735,0.15245143860010046,23.350922198133045,385.27714843659584,122.32155260803167,5041.332745616895,3070
0,51,2,0.00035613809409126905,0.15218337231676035,23.421874370554086,385.1206197569759,122.54568751351343,4892.941002995214,3070
0,51,3,0.00035016598233065556,0.15144011913856356,23.47423470595234,385.3298163750657,123.07029371776237,5069.2597640194035,3070
0,52,0,0.0002404472067233681,0.13554303110528163,24.2101749310428,358.77101001819227,128.70526060788305,5250.955105409814,3070
0,52,1,0.00024488475630104366,0.1364099184683797,23.95904778931629,358.4081968577223,128.8446498599426,5027.442189469328,3070
0,52,2,0.00023546271977559514,0.13572366755481918,24.178460787577045,358.32238696644305,128.98742519529375,5261.675384340586,3070
0,52,3,0.00022487257037096697,0.13408104863556403,24.484018468383095,358.73745120766773,129.5479257779096,5885.096505797386,3070
0,53,0,0.00020631257301234452,0.1316471933047404,26.14487800480952,364.00599052258167,127.71554101068165,4454.074563852712,3064
0,53,1,0.00021728785894140727,0.1322446548973536,25.749798746160764,363.5305351660102,128.15902815614876,4377.402693427142,3048
0,53,2,0.0002153664618445937,0.1317253636168962,25.832227738614666,363.60220243319156,128.34505755627492,4359.118056807784,3045
0,53,3,0.0002192672125849819,0.13182907130192595,25.61468986765571,363.8095271095387,129.048111505424,4469.270814967081,3033
0,54,0,0.00015800254577585094,0.11496128143700111,23.28452205190169,335.82464506618055,150.472836115971,3484.5957253924494,2920
0,54,1,0.0001548806044486362,0.11406824394169392,23.41898516974004,335.52035240490477,150.85409843240123,3814.31054455072,2920
0,54,2,0.0001534855944858951,0.11397149879257609,23.43171438225576,335.45710076287355,151.07075376306256,3744.8077117690555,2920
0,54,3,0.0001509820965758141,0.11309026681539543,23.526888423405527,335.531878067671,151.75993932807927,3863.6103097508817,2920
0,55,0,0.00018117027421459748,0.12249824252282623,27.98403947439074,376.67028113471383,131.55918436183453,5356.047692585725,3068
0,55,1,0.00017983571116685304,0.12225456470003183,27.96127211099789,376.74494822299977,132.01687878650293,5411.146071512916,3058
0,55,2,0.00017730844645466479,0.121435027861201,28.13454741857084,376.80128728754755,132.28773523852294,5264.327418786837,3048
0,55,3,0.00018418846224303785,0.12183333911419278,27.763607296596597,376.80428108236384,132.95139130553002,5050.4526288359575,3037
0,56,0,0.0002968807675476945,0.13924030076367447,27.04302544922676,390.3143186893197,120.58950167136683,3956.9059965352553,3070
0,56,1,0.00030048263885965076,0.13959289949914291,26.837388807712298,390.03421661527403,120.85744521577263,4021.757160494429,3070
0,56,2,0.00029190186240119924,0.13849948092466968,27.133207641573797,389.929676319904,120.96641279156401,4218.89177436906,3070
0,56,3,0.00029922142484730454,0.1386006956602066,26.8331547505554,389.9804817907414,121.63586639270302,4353.746715977195,3070
0,57,0,0.00025045307098341634,0.13262933379127112,22.93032281444549,336.8302572814325,131.86133349215828,3368.4619202443105,2995
0,57,1,0.00024926652105798376,0.13264376468354738,22.85284512313997,336.26912973633375,132.1954694056898,3611.5051449994176,2995
0,57,2,0.00024885607400039147,0.13221984874905657,22.87577393174836,336.2879061091811,132.45609485503235,3452.1125065188617,2995
0,57,3,0.0002461965253221417,0.13167018815398723,22.88774364421614,336.6119805525303,133.0870597597181,3545.2065120688985,2995
0,58,0,0.00021967635971632184,0.13085454711496236,25.074670159987928,365.2087129407328,131.62627006964172,3709.46520053992,3020
0,58,1,0.00021704343575090757,0.13013391519855821,25.16983150991946,364.9817511198159,131.88810213565114,3908.9205380186295,3020
0,58,2,0.00021598909194467112,0.1301884761695351,25.147697317109582,364.9782963390288,132.14060472762952,3835.2332426724943,3011
0,58,3,0.00023694532846275045,0.13161774688505054,24.378565033522268,364.9656139862989,133.12411431995426,3497.532327495891,2996
0,59,0,0.00024333097862923447,0.14584665855161996,25.24130793886109,355.01582612327326,114.931228972178,4652.891193199617,3145
0,59,1,0.00023876274734559378,0.1455715835282303,25.254753012128756,354.7880716496923,115.19768572216618,4689.7259554119855,3145
0,59,2,0.00023834248011338658,0.1450687249400386,25.287918515612812,354.67246495527775,115.4303463700328,4656.932369983411,3145
0,59,3,0.00023951007440873085,0.1450104241980556,25.180552044873103,354.9746466584058,115.92537390813123,4803.7757810958465,3145
0,60,0,0.0004174043534284773,0.15586887493493845,22.830250374315877,374.96925837387784,119.33451592299781,5140.195120719853,3070
0,60,1,0.0004248726757130402,0.15673334421041682,22.578254107275573,374.32528230296316,119.46322250845924,5148.592400102289,3070
0,60,2,0.0004215788112880036,0.15665400112593988,22.5950092605056,374.24523409950774,119.62552248643331,5227.3308178733405,3070
0,60,3,0.0004135794682059524,0.1556947503021832,22.67633308274364,374.6168312598287,120.21181378671902,5311.934534484628,3070
0,62,0,0.0002517123075200914,0.14856011175759923,25.110438932908156,370.6787091802397,118.88231303330821,3454.554354545823,3070
0,62,1,0.0002561728352125381,0.14920660677089406,24.863642990001928,370.35679097056413,119.26150569213927,3239.875213148436,3070
0,62,2,0.0002504669020013713,0.14822253010612657,25.072771776421202,370.35015333450366,119.37815926432756,3350.4532164581574,3070
0,62,3,0.00024722125780539584,0.1474132495513818,25.095790801755815,370.813321359742,119.98098748598792,3256.2027343878785,3070
0,63,0,0.0002582131179059377,0.14323970657006585,26.63904931759548,382.1120333194369,119.0871451323901,3212.942989583812,3070
0,63,1,0.00024898743265868144,0.14171990173143675,26.927757365924844,381.8359062158894,119.41553199626242,3444.7234188330326,3070
0,63,2,0.000253643232469931,0.1427194745428521,26.621571704450695,381.69612818928914,119.71180021493353,3451.762938433094,3070
0,63,3,0.0002499525145665547,0.14243298187859346,26.651833695702063,382.1568379746263,120.09415259862163,3252.48502356046,3070
1,0,0,0.00034963036400460074,0.15721951389412178,24.45497869596316,385.2258429232289,116.0313673079728,6599.392247945813,3145
1,0,1,0.000364653713745855,0.15856846816143294,24.004089247555882,384.89242262292703,116.45989197286015,6440.966687982959,3135
1,0,2,0.00035726153797633296,0.15755742361915656,24.166492896620873,384.8630124064353,116.68824198157485,6547.100214998465,3130
1,0,3,0.0003594173868681653,0.1571578901753894,24.074261411115213,385.0820243675486,117.28817223805318,5885.0106523910845,3119
1,1,0,0.00019579568406854673,0.1320222648882543,28.152009798274303,401.6280175064208,129.23165530117592,5781.103600842906,3070
1,1,1,0.00019488873264836423,0.13133581401194355,28.17765238233081,401.4034001283984,129.59116729638214,5849.760064301218,3070
1,1,2,0.00019441886276023532,0.13122111862924368,28.174296160799333,401.53896398992094,129.89844186193972,6535.730328293515,3070
1,1,3,0.00018981173711099433,0.12959823817445593,28.404590075697435,401.64362049100254,130.55948390015175,6255.786394212659,3070
1,2,0,0.0002653108359260926,0.14584115171253656,26.545688686732603,400.9386967995561,121.78816311531955,3700.1496665363784,3070
1,2,1,0.00026429285313943026,0.14516292917013254,26.57222569331645,400.67024197731644,122.13353462295575,3833.172651856226,3070
1,2,2,0.0002564988691546555,0.1447046554538183,26.697733272990487,400.52347904637537,122.36416583508205,3917.3881205394227,3070
1,2,3,0.0002589197134553522,0.14397947709657466,26.629051996956097,400.7601043386517,123.00867550872293,3646.9424560678526,3070
1,3,0,0.0001614652557329605,0.13052058826193366,27.979286704205826,394.308742203588,132.1359985869369,5333.957695003165,3069
1,3,1,0.00017075151320599725,0.13124057168090592,27.54082026358251,393.6339156223273,132.56373815602487,5103.222849715437,3057
1,3,2,0.0001674862755928986,0.1306845146939353,27.668802019866206,393.84482629661517,132.84875955279387,5147.4660026941265,3046
1,3,3,0.00016857979371045692,0.13046513804401239,27.522869216365244,394.0224590837518,133.62982090534217,5231.94017167823,3043
1,4,0,0.00020111277814069279,0.12653390325448796,27.829469990446373,398.7689865339053,134.77447647236698,4557.80751603773,2998
1,4,1,0.00020268791440805533,0.12630102928326334,27.70941035980052,398.28877536628573,135.2088705662876,4498.931483322455,2995
1,4,2,0.00019159814178436736,0.12432227493413396,28.319805137934456,398.4429818113492,135.2854178459372,4755.085925898321,2995
1,4,3,0.00019670083588222074,0.12464782028909377,27.936712127446906,398.32503243861356,136.1863220362755,4556.38486268588,2995
1,5,0,0.0003289513012983552,0.15094437207504313,23.20671794362697,373.1078452104051,122.66670984469421,4916.478624957466,3070
1,5,1,0.00033133380662835754,0.15111452758456242,23.054655255750106,372.95311670352385,123.07588579212795,4750.155098463482,3070
1,5,2,0.0003252779371699193,0.15058110034862732,23.149113451434122,372.8358722815948,123.30640780764097,4911.488438679602,3070
1,5,3,0.0003199496018848971,0.1498107861898915,23.186161194669246,372.99952913442723,123.9126861658838,5060.785899992987,3070
1,6,0,0.00023516742147187763,0.14679046632563128,30.70701635445535,406.39538613866563,110.15048479246867,3985.1778067390533,3145
1,6,1,0.000234319146738868,0.1466811678217814,30.61157089700219,406.1539531375303,110.48644055528308,4005.215526279085,3145
1,6,2,0.0002310315575123084,0.14593382456743065,30.763335470706934,405.9658916397306,110.62574838209441,4147.6905791771,3145
1,6,3,0.0002279488268667146,0.1453661941290485,30.765356004014293,406.0597868876694,111.13936317069103,4069.224998327817,3145
1,7,0,0.00032756837769267724,0.162720062942584,26.008979591026534,394.9874386611538,109.06224970653659,4640.612089588023,3145
1,7,1,0.00032975182953108145,0.1623485138070026,25.925635395018283,394.75326909479327,109.42259683923977,4452.5842230532,3145
1,7,2,0.0003248396777355739,0.16283305457080374,25.858651025483958,394.7769438401805,109.65808575422574,4302.413671009826,3145
1,7,3,0.00032681576932222484,0.16219659810689585,25.7737839290536,394.74881307852365,110.19603233388774,4627.1597326311485,3145
1,8,0,0.0002880485661624357,0.14763420865418592,27.400111534676117,405.3812828783003,117.03071153351493,7656.364963557109,3145
1,8,1,0.00028397744213138444,0.1465162817470977,27.556330653108933,405.3017009624568,117.34435327791785,8261.202652121323,3145
1,8,2,0.00027879312195868783,0.14624416269754123,27.60630785637181,405.3896553712055,117.59877282785537,8420.59938128485,3145
1,8,3,0.00027377021036699694,0.14507233315056403,27.713734520839036,405.50456275191465,118.17962707425903,8528.739312109323,3145
1,9,0,0.00025722786506660966,0.13641178500907566,26.57664698668132,406.1455878027498,131.45859084806443,5044.811130595282,3001
1,9,1,0.00026463769618708896,0.1369818784440589,26.259683299767627,405.8271788404084,131.85434220197538,4954.1487285009225,2996
1,9,2,0.00026253990129340807,0.13593570445218076,26.411866881146757,405.85086847102724,132.18727703969859,4864.062747452181,2995
1,9,3,0.0002605588619853832,0.1357582487881232,26.32033719073237,405.99824142276725,132.8626720667702,4895.1738291939755,2995
1,10,0,0.0003108701325383521,0.14579729354652374,24.06166037516278,365.387162983989,121.54861554381004,5062.078365915678,3070
1,10,1,0.000303911410673183,0.14434075953681083,24.293111746534635,365.21709220698705,121.79649067459863,4824.184349241897,3070
1,10,2,0.00030992945071845775,0.14466129167900543,24.082667111868098,365.29790072511656,122.20067119515265,5119.2276708865875,3070
1,10,3,0.000313624329705463,0.14543551670829866,23.780397876696114,365.2943543012681,122.83673413318088,5200.86908970495,3070
1,11,0,0.000218966319357739,0.1322801618294025,27.911591240470386,410.29664807936535,131.5354227278451,8296.259404812674,3070
1,11,1,0.00021757567021722475,0.13151583342326884,27.949476204454278,410.0441527141746,131.9838567984544,8903.511433907119,3070
1,11,2,0.00020574219444487903,0.12974336520125226,28.479981488637968,410.0456263108405,132.09982046723684,9085.590786911618,3070
1,11,3,0.0002139861941230235,0.12992399344407535,28.094575605845407,410.3505727822594,133.02930666874684,9056.90832418389,3057
1,12,0,0.00018663133858603712,0.11969822476698196,24.864141722717306,397.09729663720384,158.16244531849665,11457.735474615933,2854
1,12,1,0.00018178213845408456,0.11778140236466976,25.212180353539672,397.0310357943454,158.71618550318004,11604.164328667688,2846
1,12,2,0.00017565671448544604,0.11645861364360337,25.57934548578303,397.11167085106734,158.8933033876787,12066.316595457261,2845
1,12,3,0.00017802654986003437,0.11735884320547905,25.164021949831398,397.0971082231378,159.88478063489057,12093.148165558796,2845
1,13,0,0.00022295911369188021,0.1344487969931179,28.60096329158226,399.84658045820737,124.56746738503001,4339.093427415824,3070
1,13,1,0.00022604125858829085,0.1346151934221398,28.384610432907312,399.7602888589245,125.02452422796648,4239.276939532294,3070
1,13,2,0.00021683328859629195,0.1333078499543994,28.774090741336995,399.68893397337484,125.21045353607614,4508.1725601999815,3070
1,13,3,0.00021518687934089445,0.13285204853971075,28.708070704573924,399.84577350883285,125.8586903166168,4499.987555170237,3070
1,14,0,0.00023040640766092726,0.14914467620218452,27.046563437590066,392.6275156206355,118.34812554512058,4038.6524535217823,3071
1,14,1,0.00023571304049986426,0.14946812586695601,26.821710676337382,392.5915103785059,118.70872743006726,4214.334476323225,3070
1,14,2,0.00023147376840458518,0.14872935908092502,26.92637422278403,392.4117350374658,118.98277201189097,4253.639925732275,3070
1,14,3,0.00023197534190722794,0.14835747805795585,26.83484310622985,392.5014712991679,119.61195072764139,4067.6438547763437,3070
1,15,0,0.00025572653915615734,0.14371602214838486,26.77419470047972,380.10592650553485,117.3544433485971,5923.9740981267005,3145
1,15,1,0.00024766942902255615,0.14248455054740802,27.029605359098205,380.00649967673627,117.5997237818504,5776.427755623642,3143
1,15,2,0.0002549949002118135,0.14358541285819026,26.67413206860981,379.99965729021204,117.920060143808,5719.465479585273,3132
1,15,3,0.0002535821068939769,0.14179942200659784,26.838004296082598,380.13847986141246,118.56637125454854,5846.288014455225,3122
1,16,0,0.0001597859649026434,0.12337980667331847,27.69254695919468,384.6403740507764,136.77453231143087,5243.825384035357,2995
1,16,1,0.00015482246502986294,0.12192376734709497,28.022129475953253,384.5082399362367,137.04608283137773,5046.160256574075,2995
1,16,2,0.00015111143761544401,0.12173854766678414,28.075585085088232,384.2560307302401,137.28275464234818,5285.227098451549,2995
1,16,3,0.00015159700066605058,0.12121829164386708,28.000424449696503,384.8054710285942,138.17591109686714,5262.740061467725,2995
1,17,0,0.00023214997977341343,0.145423624296926,25.70378855905556,376.4522640509239,120.61875492386632,3689.780359488456,3085
1,17,1,0.00023793581535864724,0.14552781960774214,25.524601935615962,376.3483177089468,121.00688943001079,3666.023141701746,3077
1,17,2,0.0002420873485558728,0.14564885654598128,25.383998679439145,376.2355289770108,121.32470760255539,3490.4396637989994,3070
1,17,3,0.00024027700515144687,0.14469563295672264,25.412863422951837,376.3502359636345,121.99530998974949,3453.831794746203,3070
1,18,0,0.00022789549973071787,0.1251808619509053,25.884419922921655,396.5174715558531,142.5336399202309,7880.872973918098,2995
1,18,1,0.0002263271207666804,0.12413530555807381,25.999847626065698,396.29971829543035,142.91361644769145,7877.602772631344,2995
1,18,2,0.00021892063886558958,0.12281206704195985,26.335149015217503,396.17245941797444,143.11117656817785,7958.604059803877,2995
1,18,3,0.00021126160437630434,0.1214659398145346,26.60432166146487,396.49934001418933,143.78945577396266,8429.993628177617,2995
1,19,0,0.0002354091733650015,0.1459316642214805,27.879012132790574,377.45410423239304,111.57837807566648,3556.7128719756706,3145
1,19,1,0.00022991744384788182,0.14499051852187164,28.034702446006037,377.2125868342028,111.85323234750119,3486.7190817117585,3145
1,19,2,0.00022414941362057384,0.1446427779568712,28.095725099438276,377.17446693465286,112.1335312387576,3475.833230083497,3145
1,19,3,0.00021879910916578762,0.1440252369721827,28.15040060529608,377.3763853436394,112.6593700061852,3486.6257785310418,3145
1,20,0,0.0001663734573727201,0.12667477059376944,28.336643531076582,380.97528741305814,129.38462857732347,5577.742949972931,3070
1,20,1,0.00015736946947579654,0.12524403332452552,28.763320840112513,380.82370456586307,129.51096203345534,5406.832888526279,3070
1,20,2,0.00015304837960895495,0.1243738368476662,28.96825368143752,380.81672909526,129.81625024505558,5710.954004349339,3070
1,20,3,0.0001527878378015629,0.12335840561866085,29.048769917576507,381.03654722714134,130.48197258976057,5700.569970462822,3067
1,21,0,0.00014258224253858032,0.11332651927727519,27.062228125155514,384.2392116849635,151.96165757966807,6248.884086712678,2920
1,21,1,0.00014257585058081038,0.11347425646615455,26.929763185197267,383.9939657986801,152.44630249092495,6101.526815909356,2920
1,21,2,0.00013910426621178984,0.11220060520650944,27.213327533774542,384.01711669896343,152.83840340544154,6252.401368878382,2920
1,21,3,0.00014055440838640977,0.11225603035771003,27.019420128855895,384.12809342148864,153.6258669376262,6423.896349115219,2920
1,22,0,0.00018696377751304747,0.13508174202435388,25.943836455141735,372.8733491195747,128.633447699084,3824.405259423034,3070
1,22,1,0.0001835035094686912,0.13407964827055657,26.091538023391525,372.5269798476395,128.91706564433687,4145.202998323554,3070
1,22,2,0.0001847589160889226,0.13443518812807725,25.942322404762898,372.6281072021928,129.21621018479144,4225.716187827232,3070
1,22,3,0.0001830181563594193,0.13427678029844548,25.84274511999256,372.59012530402254,129.93466993723382,4058.5653520092733,3070
1,23,0,0.00026557380847165514,0.13389879383880876,25.366233932723485,388.74746856176864,132.56637507635074,5277.593551696678,3008
1,23,1,0.0002756859873301963,0.13447597640326173,24.99315251367488,388.41528656057267,133.0901390761339,5033.1935725888825,2996
1,23,2,0.00026338414568735316,0.13327021999034128,25.350765542438403,388.4474160827767,133.2644064094993,5028.2330644645,2995
1,23,3,0.00026597455239971585,0.13295980913718328,25.19080539197447,388.54488722141684,134.01552702026356,5058.225650346378,2995
1,24,0,0.0002692871711852371,0.1341239515931419,26.23757101808277,407.94592587757904,133.76001836229113,6300.67736053098,3008
1,24,1,0.000277513814341559,0.13388695063724712,26.0715894120262,408.2233294153896,134.26983497325924,5574.70556638162,2998
1,24,2,0.0002781000154079957,0.1340877091166923,25.947381848899226,407.942639259183,134.60144418370692,5319.249020498215,2995
1,24,3,0.0002786589998610375,0.1336953807162157,25.83609229318329,408.34714297715794,135.40927365873827,5271.854760869335,2995
1,25,0,0.000165336368273074,0.12136039707885424,26.603690564294904,393.14556827522904,147.31322238915857,4364.1656592157215,2920
1,25,1,0.0001614868230962448,0.12020771744003232,26.831524558195106,392.844502755281,147.5794936833862,4549.972488237916,2920
1,25,2,0.00016186654905641441,0.12024493781549826,26.738898522206636,392.7968431288852,147.94260286923097,4509.053417013202,2920
1,25,3,0.00016298092185509962,0.12043186505661344,26.52966219995241,392.9803023673701,148.77699451890388,4594.268495190965,2920
1,26,0,0.0002016605036670594,0.1297907593043471,25.977171891489345,391.4504879690111,138.5734982806597,5007.3636691253405,2995
1,26,1,0.00020235507062873743,0.1295879467512181,25.884173601122434,391.3418823532326,139.04599216174867,4992.719031333892,2995
1,26,2,0.00020251137570639275,0.12962321443176758,25.822611779506563,391.33920604284316,139.3285767934567,5020.960977968165,2995
1,26,3,0.000197480238374603,0.1285471479557998,25.958363025353783,391.31615459986995,140.03587438014566,4937.533752480866,2995
1,27,0,0.00032985881578461785,0.1592144201332119,26.05541724402195,400.79256683008174,113.42772302859746,6662.145478370741,3145
1,27,1,0.00033271920279126667,0.15988932933177916,25.81132480200957,400.62519088161326,113.83510995618933,6679.593197933399,3145
1,27,2,0.00031721492318664076,0.1582249028489784,26.20868375935337,400.66266450034516,113.9808983919311,6785.426484061724,3145
1,27,3,0.0003225235943952599,0.15888641019906882,25.88363570740821,400.58390436354654,114.6008429940028,7120.524883485474,3145
1,28,0,0.0001979553313052037,0.12985130330937664,25.431916646610205,368.23034189310727,133.73736199983307,3418.521990847707,2995
1,28,1,0.00019956492683801717,0.12986911624084385,25.28194831484011,367.8605841203965,134.15955810256185,3463.9709822051,2995
1,28,2,0.00018861515274725326,0.12771380778796104,25.81170673826325,367.8924025937298,134.35217737500244,3590.721958255913,2995
1,28,3,0.00019174360420347436,0.12793810123394647,25.584613271053268,368.199062015828,135.0722233726996,3609.0074826178325,2995
1,29,0,0.00021223563434913468,0.13419989548131372,25.524574431710633,385.01772425339215,133.7614772700152,4977.12829595215,3019
1,29,1,0.00020948785039478173,0.13306536191873738,25.704979264486873,385.0123668292054,133.9924532341953,5128.599655031313,3017
1,29,2,0.00021878477896477305,0.1338315256491315,25.38318049196959,385.13268214261075,134.40789400005787,4741.222048129646,3003
1,29,3,0.00022722759029071985,0.13399248661500843,25.038640077208782,385.1860120171803,135.28494340957533,4582.7050884436785,2995
1,30,0,0.0002733599483447002,0.1496581988164723,26.798687101877306,385.1540426731199,114.05821133301734,4545.6227756095195,3145
1,30,1,0.00026484997283242773,0.1482893549542572,27.0470322783679,384.98597894187685,114.34095055868478,4542.708612816389,3145
1,30,2,0.0002658949608814429,0.1482825895438465,26.989422109863217,385.22717641633335,114.60445864752735,4675.348996972196,3145
1,30,3,0.00026792618268631414,0.14871931226187596,26.732654459851005,385.11734997285987,115.22865166024928,4694.057667876137,3145
1,31,0,0.0003039231741470812,0.1638394952899138,28.700167788672314,415.2090275380802,104.78220952304736,6553.284492127294,3219
1,31,1,0.0003013616046615064,0.16179312584387937,28.96907749279665,415.1765960940408,105.05827562481137,6662.780181535529,3213
1,31,2,0.0003001452367237999,0.16227758190533004,28.84436764165111,415.05902940131165,105.26379093724547,6575.1396219654225,3208
1,31,3,0.0003144278730658278,0.16319654610240183,28.35777240949167,415.3441474223095,105.95299704788201,6267.387460343761,3191
1,32,0,0.00023490021919420214,0.14208870990400488,29.270717574183422,414.5420625629531,120.18896248974558,4065.9761757998167,3070
1,32,1,0.00023199974418857997,0.14150444190209577,29.34318581302663,414.4878409120848,120.47147701515225,4223.860631318439,3070
1,32,2,0.00023064934683863714,0.14188774011400615,29.222451299127663,414.15442140082587,120.7276910912587,3892.6481265884368,3070
1,32,3,0.0002252671692652903,0.14046533987984164,29.421531037441767,414.46792945047247,121.32112881538296,4144.033355441184,3070
1,33,0,0.0002507382660069723,0.1332106611821855,26.242169973260157,396.5623768283624,133.26124181853396,5298.238702546472,2999
1,33,1,0.00025522770026594843,0.13263103557725497,26.19535399282982,396.05078543441306,133.42757584148103,4835.887195925599,2996
1,33,2,0.0002540629478297912,0.13233570582568788,26.204574990677695,396.29160428187936,133.8121623647476,4791.930254106426,2995
1,33,3,0.0002504091903361499,0.13230256864329715,26.110413818711216,396.6127493861684,134.57623360004416,5079.937890721255,2995
1,34,0,0.00019995997941640232,0.13382249448389938,24.796434033452222,380.94915832055415,136.56433737935504,3961.7673534978817,2995
1,34,1,0.00019543762616976832,0.1322733828892048,25.03544061732459,380.85057040230197,136.9476191716753,4231.286755785441,2995
1,34,2,0.00019119961343814368,0.13126484320417567,25.22773487367341,380.94111272824927,137.23711758020048,4387.099892168879,2995
1,34,3,0.00018864145590852187,0.13124427336963834,25.135766596805016,380.9937597595248,137.91596118930417,4375.676605808415,2995
1,35,0,0.00016188966473754468,0.12804589765422134,29.010657384888944,392.18633553064734,129.1539146928902,4281.001917548681,3070
1,35,1,0.00015951108537349266,0.12787669712093602,28.990788401445016,391.5516267928082,129.40050192946657,4498.806648666119,3070
1,35,2,0.00015209367586212162,0.12615677807841463,29.456657441938415,391.8781737713033,129.7112758775582,4492.772835441414,3070
1,35,3,0.00015378313172289922,0.12582140813610024,29.34042160571216,391.9736283044377,130.31146500953264,4712.825883390969,3069
1,36,0,0.00024511402574889173,0.1364437016836811,26.379794940134605,397.11853095582006,130.6007775299036,4397.981380338995,2999
1,36,1,0.0002473565831202725,0.1365847817629585,26.19807457503564,396.8980714325871,131.04245769814662,4333.6514119746025,2999
1,36,2,0.00024580315469966015,0.13561313912475026,26.346423442956333,396.7740765139941,131.26991346405617,4444.42351243875,2995
1,36,3,0.00024341287915954083,0.13509528101124843,26.340511965956185,397.2222859643948,131.97597509930236,4439.65939695319,2995
1,37,0,0.00024369029346101498,0.14344956140760717,26.325341058223927,389.1334686316722,122.42254924384281,3911.4486521238487,3070
1,37,1,0.0002440189215965378,0.14318730145592434,26.31012559349075,388.8194805288087,122.55144005616448,3634.8531183020755,3070
1,37,2,0.00023381391413002277,0.1416687001620186,26.668729070725604,388.92632827639596,122.7734911280838,3931.9483381379205,3070
1,37,3,0.00023556603957315483,0.1418403026133231,26.45202970077239,389.0633883747371,123.45961090122492,3871.129246891237,3070
1,38,0,0.00021821674071077058,0.14734931813337146,27.26578782260752,393.59971682146454,118.20823245415168,4439.14248549727,3116
1,38,1,0.00022341378354998094,0.146884009007539,27.158352749301752,393.33575995550973,118.65089396725229,4367.991913192543,3100
1,38,2,0.00022396608158852899,0.14715971608512884,27.063565102370045,393.4737910709365,118.92208260437151,4310.870613834534,3094
1,38,3,0.0002304448099049139,0.1472300702462841,26.779746052655245,393.45146075991045,119.62256955658063,4044.6876489865645,3083
1,39,0,0.0003502328847473571,0.15411581545026168,24.35373761463755,399.5409855905494,120.58597453143373,6534.715505947503,3090
1,39,1,0.0003599829019318839,0.15388937592653126,24.180517243109943,399.1226019397448,120.91626092036952,5969.948602019424,3081
1,39,2,0.0003664011463595008,0.15457228485576185,23.966932057255974,399.22366948350566,121.29633502210676,5632.753647987813,3071
1,39,3,0.0003702914741628255,0.1542864349817406,23.80438411242059,399.25128329671674,121.95921630132301,5407.427088415496,3070
1,40,0,0.0002658538552409664,0.13904900801714362,24.350200556051487,374.2388472807064,127.90066176802337,5705.212833021195,3070
1,40,1,0.0002618125861698486,0.13843020883151702,24.44009903595429,374.13525662343756,128.14786270588456,5871.356247864392,3070
1,40,2,0.00025727999985529043,0.13822113408772227,24.49699051719643,373.96726703271656,128.3573774065004,6423.634638532245,3070
1,40,3,0.00025665011720415364,0.13759734358433798,24.452605370360278,374.26152290698235,129.0418050272032,6224.071558270543,3070
1,41,0,0.00021978605579444223,0.15370927751230973,27.65955211346327,393.94167572053976,112.80430746413099,5009.372608113725,3145
1,41,1,0.0002219202651731548,0.15335943403008706,27.60592368920515,393.637940378312,113.04252776103431,4814.91493846551,3145
1,41,2,0.00022064421086663455,0.15379315883393418,27.510769127266204,393.6672241661152,113.25524955864655,4645.4354838174395,3145
1,41,3,0.0002145684773426647,0.15166954473803984,27.82173997605363,393.9315284368138,113.75584831617623,5157.78852471324,3145
1,42,0,0.00036760048132372333,0.155388592010939,23.314026720373597,377.7348204814912,119.11649888048433,7847.297604481946,3096
1,42,1,0.0003767395248645059,0.15557688173070472,23.10112034926457,377.58237686460177,119.56819580920782,7737.652028105478,3088
1,42,2,0.00039984983421475985,0.15715299130596183,22.576827068166782,377.345144775523,119.98487089183504,6584.460848758949,3076
1,42,3,0.00040365572678693147,0.15732205398526394,22.397645910889892,377.5994785072252,120.66321902255591,6021.551079307452,3073
1,43,0,0.00022042084335076588,0.13362557396724745,25.95296746057301,379.7862978013526,131.04585565538304,8075.531597170755,3027
1,43,1,0.0002203511120100792,0.13310913093624852,25.95890958043121,379.4421089733773,131.3869885691846,7703.147645305086,3018
1,43,2,0.00022384758207182412,0.1336691224164913,25.756082120265415,379.489829166364,131.72642780450332,7631.137826211143,3014
1,43,3,0.00023270310913216764,0.1330915248092231,25.58897241112818,379.7603086080733,132.45693739193834,7423.324375096163,3002
1,44,0,0.00020952231223128324,0.129472808302463,26.71639094803631,387.2952137248049,131.29725158588118,5187.224183958845,3070
1,44,1,0.00020238825149889985,0.12856159628093136,26.970208850420768,387.1205537153195,131.41587919854143,5368.128687388971,3070
1,44,2,0.000198879057337286,0.12803000456545088,27.075967084491474,387.1394581660459,131.70300549373013,5339.208310351651,3070
1,44,3,0.0001991308364626588,0.12713772946844912,27.08545461786673,387.26973003026853,132.34038837220328,5636.828391638595,3070
1,45,0,0.00020674463650117964,0.14209568787877266,27.140842964343758,387.7533275130358,121.78072766448534,4267.3051186513985,3070
1,45,1,0.00020081510139955674,0.14093621263950554,27.393603905332974,387.3205204068525,121.83510329350487,4395.376560415142,3070
1,45,2,0.00019924359555728983,0.14037983604746518,27.453475319741518,387.4958069778928,122.16529485954901,4454.798491251395,3070
1,45,3,0.0001946038707354563,0.14006797214585673,27.43929508956251,387.52095698496873,122.73363575810691,4536.814732029327,3070
1,46,0,0.00025891457661972404,0.13834968697629052,24.778338246810133,395.534340381981,134.18896875316588,7016.519182720663,3019
1,46,1,0.00027209487488490146,0.13922816356846118,24.34172306499809,395.2973229605652,134.75047055046977,6171.8714712803685,3005
1,46,2,0.0002798544431288467,0.140142090898694,24.02774609405964,395.42493598979536,135.17339194517584,5460.59742527878,2997
1,46,3,0.0002806037073825008,0.14037888293153997,23.84316729426809,395.41138078522954,135.90205320820084,5498.661565768696,2996
1,47,0,0.00025759158905458137,0.14465144072502994,27.037333581572998,415.3213846836069,125.26458217063076,5104.00053228115,3070
1,47,1,0.00025527904920070923,0.14359022439566732,27.1664079657819,415.20637671372083,125.5629194722836,5110.911368457406,3070
1,47,2,0.0002489672148986822,0.14261299853161064,27.362585743620308,415.280242399875,125.8280054969288,5233.792306715391,3070
1,47,3,0.00025081721360314566,0.14241722725986344,27.210376016895456,415.243343310826,126.45677081928727,5507.474590741331,3070
1,48,0,0.00031542483372765605,0.14761624667504586,24.459438181100726,390.758947795407,124.46861459441516,5523.103959677774,3070
1,48,1,0.00031363554747566765,0.14727681102557183,24.489915558988347,390.5181269662845,124.60583992179492,5497.753462029743,3070
1,48,2,0.00030427577885996546,0.14621370948132648,24.72330803188268,390.5385006404133,124.78115927965423,5915.134498890244,3070
1,48,3,0.0003025658671736998,0.14598333221538598,24.627847475564593,390.61982894647247,125.44094073876894,5827.57149617673,3070
1,49,0,0.00016584212802960837,0.11611682141050446,28.79562008479511,403.5724396394562,145.8289748416796,4787.023405232317,2920
1,49,1,0.0001655076025291247,0.11501828422407435,28.973346595587067,403.213873934807,146.08348774119327,5113.4249936884735,2920
1,49,2,0.00016495575313959002,0.11528681979002633,28.83758868917201,403.2414966682201,146.51545373629222,4678.335870373579,2920
1,49,3,0.00016291698193345413,0.1153177411802991,28.736267432902544,403.36300392873494,147.23302940752237,4883.270338483573,2920
1,50,0,0.0002903883100570915,0.15304225588980927,27.45126996665727,398.28733950094255,112.20977247637241,4165.001746411481,3145
1,50,1,0.0002828621371913497,0.15154819466582287,27.689783790424773,398.1471069064588,112.5163709657567,4317.46416731502,3145
1,50,2,0.00028404072580529537,0.1525197346174953,27.47491334046449,398.1304456692836,112.71953909840808,4352.37990823202,3145
1,50,3,0.00028136235522123953,0.15168926468752741,27.475845980105944,398.4208569111883,113.34347094466187,4331.678562533623,3145
1,51,0,0.000185490157047679,0.12493599462864449,27.84736425769262,404.2315798205094,137.23730995057153,4690.981607930501,2995
1,51,1,0.00018516539108273937,0.12389829675746661,27.95280198578153,404.0926489366486,137.7037507823492,4729.14530212583,2995
1,51,2,0.00018181862023893344,0.12364088403576479,28.022092525936518,404.0859348849398,137.94513754116002,4725.419405809708,2995
1,51,3,0.00018062741278182618,0.12340818876708243,27.94243682369024,404.22575779121456,138.65347080470656,4787.654025762564,2995
1,52,0,0.00027052952033642633,0.13784996621862064,25.446311764273393,400.9426829416679,132.65397796754593,5487.0253985655845,3004
1,52,1,0.0002730481010419164,0.13753575778990174,25.407451667656797,400.67783655465735,132.8379693291784,5782.05770413499,3004
1,52,2,0.00027883411089052603,0.13801768585766874,25.1736366040212,400.50395021734244,133.22851628987337,5203.057362018708,2995
1,52,3,0.00027951628860982305,0.13770507057861678,25.05335789788704,400.7326512918947,134.00157046726625,5206.07364664717,2995
1,53,0,0.000367314078646513,0.1609012966103057,26.30619523265613,392.7927947325474,108.537908397163,4608.832710879926,3145
1,53,1,0.00037343912366742796,0.16112597220773114,26.10710995337612,392.60321169094726,108.88152505338266,4667.118901929845,3145
1,53,2,0.0003665660071094972,0.16101817456208808,26.14549519968095,392.5412652036458,109.03616405067952,4579.928093629744,3145
1,53,3,0.0003663327524118329,0.16014936591307002,26.111591308677987,392.59877111707146,109.62911381271402,4572.555996574583,3145
1,54,0,0.0003191623413789024,0.1520653943020984,24.681059612015385,390.80274907208883,119.79709698753788,5297.203175812746,3089
1,54,1,0.00032626591108634364,0.1522594036391455,24.48414386942101,390.5715532291058,120.13533142022483,5535.824424257114,3077
1,54,2,0.0003277853712011311,0.15170054351011694,24.487740702815668,390.6711182667786,120.47631138824669,5268.701082617826,3071
1,54,3,0.0003337859667746351,0.15255632224161425,24.1201642841581,390.78250953456273,121.20641483718912,5561.768839640026,3070
1,55,0,0.00032326417561009366,0.16119127659087165,25.964254274185844,399.27493315470093,111.94957493774503,4212.416909922291,3145
1,55,1,0.00031559222066557024,0.1596768488764868,26.210273880218416,398.98475299297303,112.1036769644138,4110.735760756816,3145
1,55,2,0.0003199904669330486,0.1613136845794804,25.841645033389238,399.0913506874196,112.4661790720022,4135.310743316602,3145
1,55,3,0.00031927118349214394,0.16105807870968417,25.71920447343333,399.0258967344974,113.05509566704502,4195.210803150429,3145
1,56,0,0.00022606054531375857,0.14168568453419345,25.347441013521774,382.1889820315418,127.37930184281508,4743.114221964794,3070
1,56,1,0.00022374003081779344,0.1404376365142518,25.536173050242862,382.0565837941295,127.49642834753828,4654.093184584481,3070
1,56,2,0.00021974138513287196,0.14000555525241398,25.60764630460755,381.83564682990686,127.73397335633042,4796.64794533312,3070
1,56,3,0.0002133163228883431,0.1385840145430879,25.80192681897442,382.107623625766,128.3797744419939,5139.591734413079,3070
1,57,0,0.00026396826730922104,0.1381884134456605,25.236578079411398,395.0190334823409,132.94236469843366,4655.081827548916,2995
1,57,1,0.00026688258597276274,0.1379102718725954,25.125716090683465,394.90219494548063,133.4387612778968,4647.3464796696435,2995
1,57,2,0.00025951765005705974,0.13701306837075128,25.372679202677187,394.8214276533432,133.533344169962,4796.208971444123,2995
1,57,3,0.0002596194872605164,0.1375026785817315,25.091425792121754,394.78956493463545,134.36967855843525,4827.046601026995,2995
1,58,0,0.0004098054039722574,0.16895608182145905,22.952433728596766,387.0059624234952,114.48690088132332,5914.147310197457,3130
1,58,1,0.0004101922819177127,0.16809401534621773,22.952273317613244,386.7983501143977,114.83119704062729,5855.174321717839,3121
1,58,2,0.0004122278375000971,0.168286375962473,22.885785186184197,386.86404572322954,115.07335442480974,5506.523249181442,3113
1,58,3,0.0004271233908926794,0.16940228418228395,22.47831211441586,386.95345859153514,115.7531642405555,5469.571710086851,3099
1,59,0,0.0002599775075519583,0.1431451925090639,24.744181465923006,367.5300543833146,123.07868815871984,4721.887173762543,3070
1,59,1,0.0002577719145435022,0.1422116325433657,24.842103123393496,367.34102090508264,123.38552400639055,4954.677024814932,3070
1,59,2,0.0002565215672067729,0.14248094290861732,24.742933725535536,367.5450403005863,123.73733317939023,4858.387425586092,3070
1,59,3,0.0002567912093744972,0.14257949211018928,24.595940344597995,367.53051000127346,124.33249329950199,4666.331654127891,3070
1,60,0,0.00024362772630103635,0.14931026298664613,27.608353903042733,407.9665197199941,117.9616483016234,5935.200648634612,3145
1,60,1,0.0002425626798308555,0.14903611359486704,27.605280152896857,407.4416418006239,118.12184572067956,5997.671465347892,3145
1,60,2,0.00024021404820109672,0.14873486082696352,27.62772959222972,407.5350743093892,118.38885894136463,6174.506214107871,3142
1,60,3,0.00023190911767152745,0.1467500927507096,27.975982172221883,407.78433959714397,118.89383421190502,6073.631767668627,3128
1,61,0,0.0003117670445830436,0.1613709144925082,24.284667568547498,381.63932712474843,113.22273158374433,4578.578495211071,3145
1,61,1,0.0003150782277092161,0.16178639577033352,24.077882823566394,381.57294438521154,113.6527839568967,4551.781797559492,3145
1,61,2,0.0003045126306769406,0.1602876566295559,24.373661464252297,381.51929902273093,113.79913092837533,4751.125045219445,3145
1,61,3,0.000301137977127281,0.16002170936887497,24.302281230487964,381.69558315618275,114.4257924768373,4584.087472796619,3145
1,62,0,0.00037457808570530595,0.15217693284445338,23.116815912618534,376.4106441300294,120.7776137529331,11347.346906709257,3087
1,62,1,0.00038581493226467003,0.15238397534539602,22.86310116208235,376.2646365783188,121.2817755516232,10505.189910025103,3079
1,62,2,0.00040955002963799085,0.1541089651143119,22.33941330911112,376.35024369182344,121.69700572818566,9068.259570468545,3070
1,62,3,0.00041427742854537877,0.1545465428554763,22.086850456970705,376.53444309794645,122.424505000458,9281.75021016529,3070
1,63,0,0.00040836119333978146,0.17014026822154638,26.7330867710976,398.6018738920053,102.36892190731253,5297.431469608748,3171
1,63,1,0.0004134483122836165,0.17005427031010414,26.584578322596194,398.29108106708634,102.66760273281798,5155.955748933034,3169
1,63,2,0.00043032980340931956,0.17118875870489234,26.166020552550435,398.28449120504575,103.04434308731628,5028.500240839399,3160
1,63,3,0.0004397927569516569,0.1713400412219563,25.931348106012567,398.42432122134323,103.54904913013247,4534.675897883551,3148
